currencyId	"AFN"
currencyName	"Afghan afghani"
name	"Afghanistan"	

currencyId	"XCD"
currencyName	"East Caribbean dollar"
name	"Anguilla"	

currencyId	"AUD"
currencyName	"Australian dollar"
name	"Australia"

currencyId	"BDT"
currencyName	"Bangladeshi taka"
name	"Bangladesh"

currencyId	"XOF"
currencyName	"West African CFA franc"
name	"Benin"

currencyId	"BRL"
currencyName	"Brazilian real"
name	"Brazil"

currencyId	"KHR"
currencyName	"Cambodian riel"
name	"Cambodia"

currencyId	"XAF"
currencyName	"Central African CFA franc"
name	"Chad"

currencyId	"XAF"
currencyName	"Central African CFA franc"
name	"Congo"

currencyId	"CUP"
currencyName	"Cuban peso"
name	"Cuba"

currencyId	"XCD"
currencyName	"East Caribbean dollar"
name	"Dominica"
FI	

currencyId	"EUR"
currencyName	"European euro"
name	"Finland"
GE	

currencyId	"GEL"
currencyName	"Georgian lari"
name	"Georgia"
GD	

currencyId	"XCD"
currencyName	"East Caribbean dollar"
name	"Grenada"
HT	

currencyId	"HTG"
currencyName	"Haitian gourde"
name	"Haiti"
IN	

currencyId	"INR"
currencyName	"Indian rupee"
name	"India"
IL	

currencyId	"ILS"
currencyName	"Israeli new sheqel"
name	"Israel"
KZ	

currencyId	"KZT"
currencyName	"Kazakhstani tenge"
name	"Kazakhstan"
KW	

currencyId	"KWD"
currencyName	"Kuwaiti dinar"
name	"Kuwait"
LS	

currencyId	"LSL"
currencyName	"Lesotho loti"
name	"Lesotho"
LU	

currencyId	"EUR"
currencyName	"European euro"
name	"Luxembourg"
MY	

currencyId	"MYR"
currencyName	"Malaysian ringgit"
name	"Malaysia"
MU	

currencyId	"MUR"
currencyName	"Mauritian rupee"
name	"Mauritius"
MN	

currencyId	"MNT"
currencyName	"Mongolian tugrik"
name	"Mongolia"
MM	

currencyId	"MMK"
currencyName	"Myanma kyat"
name	"Myanmar"
NC	

currencyId	"XPF"
currencyName	"CFP franc"
name	"New Caledonia"
NO	

currencyId	"NOK"
currencyName	"Norwegian krone"
name	"Norway"
PG	

currencyId	"PGK"
currencyName	"Papua New Guinean kina"
name	"Papua New Guinea"
PT	

currencyId	"EUR"
currencyName	"European euro"
name	"Portugal"
RW	

currencyId	"RWF"
currencyName	"Rwandan franc"
name	"Rwanda"
WS	

currencyId	"WST"
currencyName	"Samoan tala"
name	"Samoa (Western)"
RS	

currencyId	"RSD"
currencyName	"Serbian dinar"
name	"Serbia"
SI	

currencyId	"EUR"
currencyName	"European euro"
name	"Slovenia"
ES	

currencyId	"EUR"
currencyName	"European euro"
name	"Spain"
SE	

currencyId	"SEK"
currencyName	"Swedish krona"
name	"Sweden"
TZ	

currencyId	"TZS"
currencyName	"Tanzanian shilling"
name	"Tanzania"
TN	

currencyId	"TND"
currencyName	"Tunisian dinar"
name	"Tunisia"
UA	

currencyId	"UAH"
currencyName	"Ukrainian hryvnia"
name	"Ukraine"
UZ	

currencyId	"UZS"
currencyName	"Uzbekistani som"
name	"Uzbekistan"
YE	

currencyId	"YER"
currencyName	"Yemeni rial"
name	"Yemen"
DZ	

currencyId	"DZD"
currencyName	"Algerian dinar"
name	"Algeria"
AR	

currencyId	"ARS"
currencyName	"Argentine peso"
name	"Argentina"
AZ	

currencyId	"AZN"
currencyName	"Azerbaijani manat"
name	"Azerbaijan"
BY	

currencyId	"BYN"
currencyName	"New Belarusian ruble"
name	"Belarus"
BO	

currencyId	"BOB"
currencyName	"Bolivian boliviano"
name	"Bolivia"
BG	

currencyId	"BGN"
currencyName	"Bulgarian lev"
name	"Bulgaria"
CA	

currencyId	"CAD"
currencyName	"Canadian dollar"
name	"Canada"
CN	

currencyId	"CNY"
currencyName	"Chinese renminbi"
name	"China"
CR	

currencyId	"CRC"
currencyName	"Costa Rican colon"
name	"Costa Rica"
CZ	

currencyId	"CZK"
currencyName	"Czech koruna"
name	"Czech Republic"
EC	

currencyId	"USD"
currencyName	"U.S. Dollar"
name	"Ecuador"
EE	

currencyId	"EUR"
currencyName	"European euro"
name	"Estonia"
PF	

currencyId	"XPF"
currencyName	"CFP franc"
name	"French Polynesia"
GH	

currencyId	"GHS"
currencyName	"Ghanaian cedi"
name	"Ghana"
GN	

currencyId	"GNF"
currencyName	"Guinean franc"
name	"Guinea"
HK	

currencyId	"HKD"
currencyName	"Hong Kong dollar"
name	"Hong Kong"
IR	

currencyId	"IRR"
currencyName	"Iranian rial"
name	"Iran, Islamic Republic of"
JM	

currencyId	"JMD"
currencyName	"Jamaican dollar"
name	"Jamaica"
KI	

currencyId	"AUD"
currencyName	"Australian dollar"
name	"Kiribati"
LA	

currencyId	"LAK"
currencyName	"Lao kip"
name	"Laos"
LY	

currencyId	"LYD"
currencyName	"Libyan dinar"
name	"Libya"
MK	

currencyId	"MKD"
currencyName	"Macedonian denar"
name	"Macedonia (Former Yug. Rep.)"
ML	

currencyId	"XOF"
currencyName	"West African CFA franc"
name	"Mali"
FM	

currencyId	"USD"
currencyName	"U.S. Dollar"
name	"Micronesia"
MS	

currencyId	"XCD"
currencyName	"East Caribbean dollar"
name	"Montserrat"
NR	

currencyId	"AUD"
currencyName	"Australian dollar"
name	"Nauru"
NI	

currencyId	"NIO"
currencyName	"Nicaraguan cordoba"
name	"Nicaragua"
PK	

currencyId	"PKR"
currencyName	"Pakistani rupee"
name	"Pakistan"
PE	

currencyId	"PEN"
currencyName	"Peruvian nuevo sol"
name	"Peru"
QA	

currencyId	"QAR"
currencyName	"Qatari riyal"
name	"Qatar"
KN	

currencyId	"XCD"
currencyName	"East Caribbean dollar"
name	"Saint Kitts and Nevis"
ST	

currencyId	"STD"
currencyName	"Sao Tome and Principe dobra"
name	"Sao Tome and Principe"
SL	

currencyId	"SLL"
currencyName	"Sierra Leonean leone"
name	"Sierra Leone"
SO	

currencyId	"SOS"
currencyName	"Somali shilling"
name	"Somalia"
SD	

currencyId	"SDG"
currencyName	"Sudanese pound"
name	"Sudan"
SY	

currencyId	"SYP"
currencyName	"Syrian pound"
name	"Syria"
TG	

currencyId	"XOF"
currencyName	"West African CFA franc"
name	"Togo"
TM	

currencyId	"TMT"
currencyName	"Turkmenistan manat"
name	"Turkmenistan"
GB	

currencyId	"GBP"
currencyName	"British pound"
name	"United Kingdom"
VE	

currencyId	"VEF"
currencyName	"Venezuelan bolivar"
name	"Venezuela"
AD	

currencyId	"EUR"
currencyName	"European euro"
name	"Andorra"
AM	

currencyId	"AMD"
currencyName	"Armenian dram"
name	"Armenia"
BS	

currencyId	"BSD"
currencyName	"Bahamian dollar"
name	"Bahamas"
BE	

currencyId	"EUR"
currencyName	"European euro"
name	"Belgium"
BA	

currencyId	"BAM"
currencyName	"Bosnia and Herzegovina konvertibilna marka"
name	"Bosnia-Herzegovina"
BF	

currencyId	"XOF"
currencyName	"West African CFA franc"
name	"Burkina Faso"
KY	

currencyId	"KYD"
currencyName	"Cayman Islands dollar"
name	"Cayman Islands"
CO	

currencyId	"COP"
currencyName	"Colombian peso"
name	"Colombia"
CI	

currencyId	"XOF"
currencyName	"West African CFA franc"
name	"Côte d'Ivoire"
DK	

currencyId	"DKK"
currencyName	"Danish krone"
name	"Denmark"
EG	

currencyId	"EGP"
currencyName	"Egyptian pound"
name	"Egypt"
ET	

currencyId	"ETB"
currencyName	"Ethiopian birr"
name	"Ethiopia"
GA	

currencyId	"XAF"
currencyName	"Central African CFA franc"
name	"Gabon"
GI	

currencyId	"GIP"
currencyName	"Gibraltar pound"
name	"Gibraltar"
GW	

currencyId	"XOF"
currencyName	"West African CFA franc"
name	"Guinea-Bissau"
HU	

currencyId	"HUF"
currencyName	"Hungarian forint"
name	"Hungary"
IQ	

currencyId	"IQD"
currencyName	"Iraqi dinar"
name	"Iraq"
JP	

currencyId	"JPY"
currencyName	"Japanese yen"
name	"Japan"
KP	

currencyId	"KPW"
currencyName	"North Korean won"
name	"Korea North"
LV	

currencyId	"LVL"
currencyName	"Latvian lats"
name	"Latvia"
LI	

currencyId	"CHF"
currencyName	"Swiss Franc"
name	"Liechtenstein"
MG	

currencyId	"MGA"
currencyName	"Malagasy ariary"
name	"Madagascar"
MT	

currencyId	"EUR"
currencyName	"European Euro"
name	"Malta"
MD	

currencyId	"MDL"
currencyName	"Moldovan leu"
name	"Moldova"
MA	

currencyId	"MAD"
currencyName	"Moroccan dirham"
name	"Morocco"
NP	

currencyId	"NPR"
currencyName	"Nepalese rupee"
name	"Nepal"
NE	

currencyId	"XOF"
currencyName	"West African CFA franc"
name	"Niger"
PW	

currencyId	"USD"
currencyName	"U.S. Dollar"
name	"Palau"
PH	

currencyId	"PHP"
currencyName	"Philippine peso"
name	"Philippines"
RO	

currencyId	"RON"
currencyName	"Romanian leu"
name	"Romania"
LC	

currencyId	"XCD"
currencyName	"East Caribbean dollar"
name	"Saint Lucia"
SA	

currencyId	"SAR"
currencyName	"Saudi riyal"
name	"Saudi Arabia"
SG	

currencyId	"SGD"
currencyName	"Singapore dollar"
name	"Singapore"
ZA	

currencyId	"ZAR"
currencyName	"South African rand"
name	"South Africa"
SR	

currencyId	"SRD"
currencyName	"Surinamese dollar"
name	"Suriname"
TW	

currencyId	"TWD"
currencyName	"New Taiwan dollar"
name	"Taiwan"
TO	

currencyId	"TOP"
currencyName	"Paanga"
name	"Tonga"
TV	

currencyId	"AUD"
currencyName	"Australian dollar"
name	"Tuvalu"
US	

currencyId	"USD"
currencyName	"United States dollar"
name	"United States of America"
VN	

currencyId	"VND"
currencyName	"Vietnamese dong"
name	"Vietnam"
AL	

currencyId	"ALL"
currencyName	"Albanian lek"
name	"Albania"
AG	

currencyId	"XCD"
currencyName	"East Caribbean dollar"
name	"Antigua and Barbuda"
AT	

currencyId	"EUR"
currencyName	"European euro"
name	"Austria"
BB	

currencyId	"BBD"
currencyName	"Barbadian dollar"
name	"Barbados"
BT	

currencyId	"BTN"
currencyName	"Bhutanese ngultrum"
name	"Bhutan"
BN	

currencyId	"BND"
currencyName	"Brunei dollar"
name	"Brunei"
CM	

currencyId	"XAF"
currencyName	"Central African CFA franc"
name	"Cameroon"
CL	

currencyId	"CLP"
currencyName	"Chilean peso"
name	"Chile"
CD	

currencyId	"CDF"
currencyName	"Congolese franc"
name	"Congo, Democratic Republic"
CY	

currencyId	"EUR"
currencyName	"European euro"
name	"Cyprus"
DO	

currencyId	"DOP"
currencyName	"Dominican peso"
name	"Dominican Republic"
ER	

currencyId	"ERN"
currencyName	"Eritrean nakfa"
name	"Eritrea"
FR	

currencyId	"EUR"
currencyName	"European euro"
name	"France"
DE	

currencyId	"EUR"
currencyName	"European euro"
name	"Germany"
GT	

currencyId	"GTQ"
currencyName	"Guatemalan quetzal"
name	"Guatemala"
HN	

currencyId	"HNL"
currencyName	"Honduran lempira"
name	"Honduras"
ID	

currencyId	"IDR"
currencyName	"Indonesian rupiah"
name	"Indonesia"
IT	

currencyId	"EUR"
currencyName	"European euro"
name	"Italy"
KE	

currencyId	"KES"
currencyName	"Kenyan shilling"
name	"Kenya"
KG	

currencyId	"KGS"
currencyName	"Kyrgyzstani som"
name	"Kyrgyzstan"
LR	

currencyId	"LRD"
currencyName	"Liberian dollar"
name	"Liberia"
MO	

currencyId	"MOP"
currencyName	"Macanese pataca"
name	"Macau"
MV	

currencyId	"MVR"
currencyName	"Maldivian rufiyaa"
name	"Maldives"
MX	

currencyId	"MXN"
currencyName	"Mexican peso"
name	"Mexico"
ME	

currencyId	"EUR"
currencyName	"European Euro"
name	"Montenegro"
NA	

currencyId	"NAD"
currencyName	"Namibian dollar"
name	"Namibia"
NZ	

currencyId	"NZD"
currencyName	"New Zealand dollar"
name	"New Zealand"
OM	

currencyId	"OMR"
currencyName	"Omani rial"
name	"Oman"
PY	

currencyId	"PYG"
currencyName	"Paraguayan guarani"
name	"Paraguay"
PR	

currencyId	"USD"
currencyName	"U.S. Dollar"
name	"Puerto Rico"
SH	

currencyId	"SHP"
currencyName	"Saint Helena pound"
name	"Saint Helena"
SM	

currencyId	"EUR"
currencyName	"European euro"
name	"San Marino"
SC	

currencyId	"SCR"
currencyName	"Seychellois rupee"
name	"Seychelles"
SB	

currencyId	"SBD"
currencyName	"Solomon Islands dollar"
name	"Solomon Islands"
LK	

currencyId	"LKR"
currencyName	"Sri Lankan rupee"
name	"Sri Lanka"
CH	

currencyId	"CHF"
currencyName	"Swiss franc"
name	"Switzerland"
TH	

currencyId	"THB"
currencyName	"Thai baht"
name	"Thailand"
TR	

currencyId	"TRY"
currencyName	"Turkish new lira"
name	"Turkey"
AE	

currencyId	"AED"
currencyName	"UAE dirham"
name	"United Arab Emirates"
VU	

currencyId	"VUV"
currencyName	"Vanuatu vatu"
name	"Vanuatu"
ZM	

currencyId	"ZMW"
currencyName	"Zambian kwacha"
name	"Zambia"
AO	

currencyId	"AOA"
currencyName	"Angolan kwanza"
name	"Angola"
AW	

currencyId	"AWG"
currencyName	"Aruban florin"
name	"Aruba"
BH	

currencyId	"BHD"
currencyName	"Bahraini dinar"
name	"Bahrain"
BZ	

currencyId	"BZD"
currencyName	"Belize dollar"
name	"Belize"
BW	

currencyId	"BWP"
currencyName	"Botswana pula"
name	"Botswana"
BI	

currencyId	"BIF"
currencyName	"Burundi franc"
name	"Burundi"
CF	

currencyId	"XAF"
currencyName	"Central African CFA franc"
name	"Central African Republic"
KM	

currencyId	"KMF"
currencyName	"Comorian franc"
name	"Comoros"
HR	

currencyId	"HRK"
currencyName	"Croatian kuna"
name	"Croatia"
DJ	

currencyId	"DJF"
currencyName	"Djiboutian franc"
name	"Djibouti"
SV	

currencyId	"USD"
currencyName	"U.S. Dollar"
name	"El Salvador"
FJ	

currencyId	"FJD"
currencyName	"Fijian dollar"
name	"Fiji"
GM	

currencyId	"GMD"
currencyName	"Gambian dalasi"
name	"Gambia"
GR	

currencyId	"EUR"
currencyName	"European euro"
name	"Greece"
GY	

currencyId	"GYD"
currencyName	"Guyanese dollar"
name	"Guyana"
IS	

currencyId	"ISK"
currencyName	"Icelandic króna"
name	"Iceland"
IE	

currencyId	"EUR"
currencyName	"European euro"
name	"Ireland"
JO	

currencyId	"JOD"
currencyName	"Jordanian dinar"
name	"Jordan"
KR	

currencyId	"KRW"
currencyName	"South Korean won"
name	"Korea South"
LB	

currencyId	"LBP"
currencyName	"Lebanese lira"
name	"Lebanon"
MW	

currencyId	"MWK"
currencyName	"Malawian kwacha"
name	"Malawi"
MR	

currencyId	"MRO"
currencyName	"Mauritanian ouguiya"
name	"Mauritania"
MC	

currencyId	"EUR"
currencyName	"European Euro"
name	"Monaco"
MZ	

currencyId	"MZN"
currencyName	"Mozambican metical"
name	"Mozambique"
NL	

currencyId	"EUR"
currencyName	"European euro"
name	"Netherlands"
NG	

currencyId	"NGN"
currencyName	"Nigerian naira"
name	"Nigeria"
PA	

currencyId	"PAB"
currencyName	"Panamanian balboa"
name	"Panama"
PL	

currencyId	"PLN"
currencyName	"Polish zloty"
name	"Poland"
RU	

currencyId	"RUB"
currencyName	"Russian ruble"
name	"Russia"
VC	

currencyId	"XCD"
currencyName	"East Caribbean dollar"
name	"Saint Vincent and the Grenadines"
SN	

currencyId	"XOF"
currencyName	"West African CFA franc"
name	"Senegal"
SK	

currencyId	"EUR"
currencyName	"European euro"
name	"Slovakia"
SS	

currencyId	"SDG"
currencyName	"Sudanese pound"
name	"South Sudan"
SZ	

currencyId	"SZL"
currencyName	"Swazi lilangeni"
name	"Swaziland"
TJ	


currencyId	"TJS"
currencyName	"Tajikistani somoni"
name	"Tajikistan"
TT	


currencyId	"TTD"
currencyName	"Trinidad and Tobago dollar"
name	"Trinidad and Tobago"	
UG	

currencyId	"UGX"
currencyName	"Ugandan shilling"
name	"Uganda"
UY	

currencyId	"UYU"
currencyName	"Uruguayan peso"
name	"Uruguay"
WF	

currencyId	"XPF"
currencyName	"CFP franc"
name	"Wallis and Futuna Islands"
LT	

currencyId	"EUR"
currencyName	"European euro"
name	"Lithuania"
